22493142	1	1	0	11	Ormeloxifene	-1	200113606
22493142	1	1	79	83	RANKL	9606	23934104
22493142	1	1	79	83	RANKL	10090	200851
22493142	1	1	79	83	RANKL	10116	254379
22493142	1	1	79	83	RANKL	9031	22960184
22493142	1	1	79	83	RANKL	9823	24287970
22493142	1	1	79	83	RANKL	7955	21864397
22493142	1	1	142	144	ERK	9606	23931672
22493142	1	1	142	144	ERK	10116	253466
22493142	1	1	142	144	ERK	10090	209293
22493142	1	1	142	144	ERK	9606	23920126
22493142	1	1	142	144	ERK	9823	24283686
22493142	1	1	142	144	ERK	10090	214767
22493142	1	1	142	144	ERK	7227	20968495
22493142	1	1	142	144	ERK	9823	24288479
22493142	1	1	150	152	JNK	7227	20962984
22493142	1	1	150	152	JNK	7955	21872881
22493142	1	1	150	152	JNK	9606	23933675
22493142	1	1	150	152	JNK	9823	24288715
22493142	1	1	150	152	JNK	9823	24296483
22493142	1	1	150	152	JNK	9913	24386923
22493142	1	1	150	152	JNK	10116	268292
22493142	1	1	150	152	JNK	10116	268653
22493142	1	1	150	152	JNK	9031	22950909
22493142	1	1	150	152	JNK	10090	215870
22493142	1	1	157	162	murine	-2	24905795
22493142	2	1	180	191	Ormeloxifene	-1	200113606
22493142	2	1	194	196	Orm	9606	23921946
22493142	2	1	194	196	Orm	9606	23934098
22493142	2	1	194	196	Orm	10116	253395
22493142	2	1	194	196	Orm	9913	24383947
22493142	2	1	202	218	triphenylethylene	-1	200045510
22493142	2	1	266	282	estrogen receptor	9823	24302825
22493142	2	1	266	282	estrogen receptor	9913	24386537
22493142	2	1	266	282	estrogen receptor	10116	259218
22493142	2	1	266	282	estrogen receptor	9031	22961842
22493142	2	1	266	282	estrogen receptor	9606	23935604
22493142	2	1	266	282	estrogen receptor	10090	209767
22493142	2	1	266	282	estrogen receptor	7955	21856127
22493142	2	1	266	282	estrogen receptor	9823	24284111
22493142	2	1	360	363	rats	-2	24905816
22493142	2	2	438	440	Orm	9606	23921946
22493142	2	2	438	440	Orm	9606	23934098
22493142	2	2	438	440	Orm	10116	253395
22493142	2	2	438	440	Orm	9913	24383947
22493142	2	3	501	503	Orm	9606	23921946
22493142	2	3	501	503	Orm	9606	23934098
22493142	2	3	501	503	Orm	10116	253395
22493142	2	3	501	503	Orm	9913	24383947
22493142	2	3	540	589	receptor activator of nuclear factor kappaB ligand	9606	23934104
22493142	2	3	540	589	receptor activator of nuclear factor kappaB ligand	10090	200851
22493142	2	3	540	589	receptor activator of nuclear factor kappaB ligand	10116	254379
22493142	2	3	592	596	RANKL	9606	23934104
22493142	2	3	592	596	RANKL	10090	200851
22493142	2	3	592	596	RANKL	10116	254379
22493142	2	3	592	596	RANKL	9031	22960184
22493142	2	3	592	596	RANKL	9823	24287970
22493142	2	3	592	596	RANKL	7955	21864397
22493142	2	3	606	611	murine	-2	24905795
22493142	2	4	688	690	Orm	9606	23921946
22493142	2	4	688	690	Orm	9606	23934098
22493142	2	4	688	690	Orm	10116	253395
22493142	2	4	688	690	Orm	9913	24383947
22493142	2	4	708	712	RANKL	9606	23934104
22493142	2	4	708	712	RANKL	10090	200851
22493142	2	4	708	712	RANKL	10116	254379
22493142	2	4	708	712	RANKL	9031	22960184
22493142	2	4	708	712	RANKL	9823	24287970
22493142	2	4	708	712	RANKL	7955	21864397
22493142	2	5	796	798	Orm	9606	23921946
22493142	2	5	796	798	Orm	9606	23934098
22493142	2	5	796	798	Orm	10116	253395
22493142	2	5	796	798	Orm	9913	24383947
22493142	2	5	836	841	murine	-2	24905795
22493142	2	5	880	884	RANKL	9606	23934104
22493142	2	5	880	884	RANKL	10090	200851
22493142	2	5	880	884	RANKL	10116	254379
22493142	2	5	880	884	RANKL	9031	22960184
22493142	2	5	880	884	RANKL	9823	24287970
22493142	2	5	880	884	RANKL	7955	21864397
22493142	2	6	914	916	Orm	9606	23921946
22493142	2	6	914	916	Orm	9606	23934098
22493142	2	6	914	916	Orm	10116	253395
22493142	2	6	914	916	Orm	9913	24383947
22493142	2	6	938	942	RANKL	9606	23934104
22493142	2	6	938	942	RANKL	10090	200851
22493142	2	6	938	942	RANKL	10116	254379
22493142	2	6	938	942	RANKL	9031	22960184
22493142	2	6	938	942	RANKL	9823	24287970
22493142	2	6	938	942	RANKL	7955	21864397
22493142	2	6	961	966	oxygen	-1	200009456
22493142	2	6	1048	1052	RANKL	9606	23934104
22493142	2	6	1048	1052	RANKL	10090	200851
22493142	2	6	1048	1052	RANKL	10116	254379
22493142	2	6	1048	1052	RANKL	9031	22960184
22493142	2	6	1048	1052	RANKL	9823	24287970
22493142	2	6	1048	1052	RANKL	7955	21864397
22493142	2	6	1112	1115	AP-1	3702	13290559
22493142	2	6	1112	1115	AP-1	7227	20960414
22493142	2	6	1112	1115	AP-1	7227	20958719
22493142	2	6	1112	1115	AP-1	10090	214985
22493142	2	6	1112	1115	AP-1	7227	20968753
22493142	2	6	1112	1115	AP-1	9606	23930945
22493142	2	6	1112	1115	AP-1	9031	22960754
22493142	2	6	1112	1115	AP-1	9606	23925450
22493142	2	6	1112	1115	AP-1	9823	24302770
22493142	2	6	1112	1115	AP-1	10116	253859
22493142	2	6	1112	1115	AP-1	9606	23925197
22493142	2	6	1112	1115	AP-1	7227	20966990
22493142	2	6	1112	1115	AP-1	9606	23921502
22493142	2	6	1112	1115	AP-1	9606	23921199
22493142	2	7	1198	1200	ERK	9606	23931672
22493142	2	7	1198	1200	ERK	10116	253466
22493142	2	7	1198	1200	ERK	10090	209293
22493142	2	7	1198	1200	ERK	9606	23920126
22493142	2	7	1198	1200	ERK	9823	24283686
22493142	2	7	1198	1200	ERK	10090	214767
22493142	2	7	1198	1200	ERK	7227	20968495
22493142	2	7	1198	1200	ERK	9823	24288479
22493142	2	7	1203	1207	MAPK1	10090	209293
22493142	2	7	1203	1207	MAPK1	9606	23920126
22493142	2	7	1203	1207	MAPK1	9823	24288479
22493142	2	7	1214	1216	JNK	7227	20962984
22493142	2	7	1214	1216	JNK	7955	21872881
22493142	2	7	1214	1216	JNK	9606	23933675
22493142	2	7	1214	1216	JNK	9823	24288715
22493142	2	7	1214	1216	JNK	9823	24296483
22493142	2	7	1214	1216	JNK	9913	24386923
22493142	2	7	1214	1216	JNK	10116	268292
22493142	2	7	1214	1216	JNK	10116	268653
22493142	2	7	1214	1216	JNK	9031	22950909
22493142	2	7	1214	1216	JNK	10090	215870
22493142	2	7	1219	1223	MAPK8	9606	23933675
22493142	2	7	1219	1223	MAPK8	10090	215870
22493142	2	7	1219	1223	MAPK8	9823	24288715
22493142	2	7	1219	1223	MAPK8	9823	24296483
22493142	2	7	1219	1223	MAPK8	9913	24386923
22493142	2	7	1219	1223	MAPK8	10116	268292
22493142	2	7	1219	1223	MAPK8	9031	22950909
22493142	2	7	1219	1223	MAPK8	7955	21872881
22493142	2	7	1219	1223	MAPK8	10116	268653
22493142	2	7	1245	1247	Orm	9606	23921946
22493142	2	7	1245	1247	Orm	9606	23934098
22493142	2	7	1245	1247	Orm	10116	253395
22493142	2	7	1245	1247	Orm	9913	24383947
22493142	2	7	1308	1312	c-Jun	9823	24302770
22493142	2	7	1308	1312	c-Jun	7227	20962984
22493142	2	7	1308	1312	c-Jun	10090	214985
22493142	2	7	1308	1312	c-Jun	9606	23930945
22493142	2	7	1308	1312	c-Jun	7227	20966990
22493142	2	7	1318	1322	c-Fos	7227	20968753
22493142	2	7	1318	1322	c-Fos	9031	22960754
22493142	2	7	1318	1322	c-Fos	9606	23925450
22493142	2	7	1367	1370	AP-1	3702	13290559
22493142	2	7	1367	1370	AP-1	7227	20960414
22493142	2	7	1367	1370	AP-1	7227	20958719
22493142	2	7	1367	1370	AP-1	10090	214985
22493142	2	7	1367	1370	AP-1	7227	20968753
22493142	2	7	1367	1370	AP-1	9606	23930945
22493142	2	7	1367	1370	AP-1	9031	22960754
22493142	2	7	1367	1370	AP-1	9606	23925450
22493142	2	7	1367	1370	AP-1	9823	24302770
22493142	2	7	1367	1370	AP-1	10116	253859
22493142	2	7	1367	1370	AP-1	9606	23925197
22493142	2	7	1367	1370	AP-1	7227	20966990
22493142	2	7	1367	1370	AP-1	9606	23921502
22493142	2	7	1367	1370	AP-1	9606	23921199
22493142	2	8	1440	1442	Orm	9606	23921946
22493142	2	8	1440	1442	Orm	9606	23934098
22493142	2	8	1440	1442	Orm	10116	253395
22493142	2	8	1440	1442	Orm	9913	24383947
22493142	2	8	1555	1558	ERK1	7227	20968495
22493142	2	8	1563	1567	MAPK3	9606	23922426
22493142	2	8	1563	1567	MAPK3	10090	207188
22493142	2	8	1563	1567	MAPK3	9913	24391496
22493142	2	8	1563	1567	MAPK3	7955	21865601
22493142	2	8	1563	1567	MAPK3	10116	259330
22493142	2	8	1563	1567	MAPK3	9823	24302367
22493142	2	8	1563	1567	MAPK3	4896	16671140
22493142	2	8	1569	1573	MAPK1	10090	209293
22493142	2	8	1569	1573	MAPK1	9606	23920126
22493142	2	8	1569	1573	MAPK1	9823	24288479
22493142	2	8	1569	1573	MAPK1	10116	259330
22493142	2	8	1569	1573	MAPK1	4896	16671140
22493142	2	8	1580	1582	JNK	7227	20962984
22493142	2	8	1580	1582	JNK	7955	21872881
22493142	2	8	1580	1582	JNK	9606	23933675
22493142	2	8	1580	1582	JNK	9823	24288715
22493142	2	8	1580	1582	JNK	9823	24296483
22493142	2	8	1580	1582	JNK	9913	24386923
22493142	2	8	1580	1582	JNK	10116	268292
22493142	2	8	1580	1582	JNK	10116	268653
22493142	2	8	1580	1582	JNK	9031	22950909
22493142	2	8	1580	1582	JNK	10090	215870
22493142	2	8	1585	1589	MAPK8	9606	23933675
22493142	2	8	1585	1589	MAPK8	10090	215870
22493142	2	8	1585	1589	MAPK8	9823	24288715
22493142	2	8	1585	1589	MAPK8	9823	24296483
22493142	2	8	1585	1589	MAPK8	9913	24386923
22493142	2	8	1585	1589	MAPK8	10116	268292
22493142	2	8	1585	1589	MAPK8	9031	22950909
22493142	2	8	1585	1589	MAPK8	7955	21872881
22493142	2	8	1585	1589	MAPK8	10116	268653
22493142	2	8	1633	1636	AP-1	3702	13290559
22493142	2	8	1633	1636	AP-1	7227	20960414
22493142	2	8	1633	1636	AP-1	7227	20958719
22493142	2	8	1633	1636	AP-1	10090	214985
22493142	2	8	1633	1636	AP-1	7227	20968753
22493142	2	8	1633	1636	AP-1	9606	23930945
22493142	2	8	1633	1636	AP-1	9031	22960754
22493142	2	8	1633	1636	AP-1	9606	23925450
22493142	2	8	1633	1636	AP-1	9823	24302770
22493142	2	8	1633	1636	AP-1	10116	253859
22493142	2	8	1633	1636	AP-1	9606	23925197
22493142	2	8	1633	1636	AP-1	7227	20966990
22493142	2	8	1633	1636	AP-1	9606	23921502
22493142	2	8	1633	1636	AP-1	9606	23921199
22493142	2	9	1760	1762	Orm	9606	23921946
22493142	2	9	1760	1762	Orm	9606	23934098
22493142	2	9	1760	1762	Orm	10116	253395
22493142	2	9	1760	1762	Orm	9913	24383947
9590363	1	1	61	75	Down's syndrome	-26	1006006096
9590363	2	1	138	152	Down's syndrome	-26	1006006096
9590363	2	1	220	228	dismutase	7227	20971883
9590363	2	1	231	234	SOD1	7227	20971883
9590363	2	2	431	464	polyunsaturated fatty acids (PUFAs	-1	258975570
9590363	2	3	583	586	SOD1	7227	20971883
9590363	2	3	589	610	glutathione peroxidase	6239	19131056
9590363	2	3	589	610	glutathione peroxidase	7227	20959577
9590363	2	3	589	610	glutathione peroxidase	7955	21877689
9590363	2	3	589	610	glutathione peroxidase	9031	22953697
9590363	2	3	589	610	glutathione peroxidase	9913	24389169
9590363	2	3	589	610	glutathione peroxidase	9913	24400905
9590363	2	3	589	610	glutathione peroxidase	3702	13294234
9590363	2	3	589	610	glutathione peroxidase	9913	24402122
9590363	2	3	589	610	glutathione peroxidase	10116	254627
9590363	2	3	589	610	glutathione peroxidase	7227	20966155
9590363	2	3	589	610	glutathione peroxidase	7955	21856235
9590363	2	3	589	610	glutathione peroxidase	9823	24282755
9590363	2	3	589	610	glutathione peroxidase	9913	24401331
9590363	2	3	589	610	glutathione peroxidase	9031	22949892
9590363	2	3	589	610	glutathione peroxidase	10116	254645
9590363	2	3	589	610	glutathione peroxidase	9031	22962669
9590363	2	3	589	610	glutathione peroxidase	4932	16756086
9590363	2	3	589	610	glutathione peroxidase	6239	19113398
9590363	2	3	589	610	glutathione peroxidase	6239	19121198
9590363	2	3	589	610	glutathione peroxidase	6239	19124006
9590363	2	3	589	610	glutathione peroxidase	7955	21868398
9590363	2	3	589	610	glutathione peroxidase	7955	21877366
9590363	2	3	589	610	glutathione peroxidase	6239	19123871
9590363	2	3	589	610	glutathione peroxidase	6239	19125487
9590363	2	3	589	610	glutathione peroxidase	7955	21854759
9590363	2	3	589	610	glutathione peroxidase	7955	21855687
9590363	2	3	589	610	glutathione peroxidase	7955	21877631
9590363	2	3	589	610	glutathione peroxidase	9031	22960511
9590363	2	3	589	610	glutathione peroxidase	9823	24301591
9590363	2	3	619	626	catalase	7955	21854976
9590363	2	3	619	626	catalase	4896	16674729
9590363	2	3	619	626	catalase	10116	253676
9590363	2	3	619	626	catalase	9031	22955796
9590363	2	3	619	626	catalase	9913	24394181
9590363	2	3	619	626	catalase	3702	13305046
9590363	2	3	619	626	catalase	6239	19129830
9590363	2	3	619	626	catalase	10090	202415
9590363	2	3	619	626	catalase	7227	20960543
9590363	2	3	619	626	catalase	9606	23921039
9590363	2	3	619	626	catalase	9823	24290751
9590363	2	3	639	659	glutathione reductase	4896	16672616
9590363	2	3	639	659	glutathione reductase	3702	13300514
9590363	2	3	639	659	glutathione reductase	7227	20958658
9590363	2	3	639	659	glutathione reductase	10116	256891
9590363	2	3	639	659	glutathione reductase	7955	21871300
9590363	2	3	639	659	glutathione reductase	9031	22962180
9590363	2	3	639	659	glutathione reductase	9606	23920388
9590363	2	3	639	659	glutathione reductase	4932	16756981
9590363	2	3	639	659	glutathione reductase	10090	203999
9590363	2	3	700	715	alpha-tocopherol	-1	200016343
9590363	2	3	700	715	alpha-tocopherol	-1	200016347
9590363	2	4	788	798	fatty acids	-1	200002637
9590363	2	5	977	980	SOD1	7227	20971883
9590363	2	6	1223	1238	alpha-tocopherol	-1	200016343
9590363	2	6	1223	1238	alpha-tocopherol	-1	200016347
9590363	2	7	1307	1313	C20:3n6	-1	200023043
9590363	2	7	1391	1408	delta-6-desaturase	9606	23923558
9590363	2	8	1435	1441	n3 PUFA	-1	258975570
17106326	1	1	91	103	breast cancer	-26	1006006393
17106326	2	1	230	242	breast cancer	-26	1006006393
17106326	2	4	689	694	cancer	-26	1006006397
17106326	2	5	780	788	carcinoma	-26	1006007293
17106326	2	9	1388	1393	cancer	-26	1006006397
17106326	2	10	1562	1574	breast cancer	-26	1006006393
17106326	2	10	1616	1622	disease	-26	1006007946
16277173	1	1	0	22	Glucagon-like peptide 1	9606	23934764
16277173	1	1	25	29	GLP-1	9606	23934764
16277173	2	1	56	78	Glucagon-like peptide-1	9606	23934764
16277173	2	1	81	85	GLP-1	9606	23934764
16277173	2	1	163	169	glucose	-1	200001652
16277173	2	1	163	169	glucose	-1	200092330
16277173	2	1	163	169	glucose	-1	200938914
16277173	2	1	179	185	insulin	7955	21858280
16277173	2	1	179	185	insulin	9913	24389705
16277173	2	1	179	185	insulin	7955	21874298
16277173	2	1	179	185	insulin	9606	23933907
16277173	2	1	179	185	insulin	9823	24299940
16277173	2	1	179	185	insulin	9031	22951197
16277173	2	1	179	185	insulin	7227	20968790
16277173	2	2	244	248	GLP-1	9606	23934764
16277173	2	2	294	300	glucose	-1	200001652
16277173	2	2	294	300	glucose	-1	200092330
16277173	2	2	294	300	glucose	-1	200938914
16277173	2	2	336	350	Type 2 diabetes	-26	1006011304
16277173	2	3	375	381	glucose	-1	200001652
16277173	2	3	375	381	glucose	-1	200092330
16277173	2	3	375	381	glucose	-1	200938914
16277173	2	3	401	405	GLP-1	9606	23934764
16277173	2	3	431	445	Type 2 diabetes	-26	1006011304
16277173	2	4	561	565	GLP-1	9606	23934764
16277173	2	4	624	636	hyperglycemia	-26	1006008088
16277173	2	4	696	702	insulin	7955	21858280
16277173	2	4	696	702	insulin	9913	24389705
16277173	2	4	696	702	insulin	7955	21874298
16277173	2	4	696	702	insulin	9606	23933907
16277173	2	4	696	702	insulin	9823	24299940
16277173	2	4	696	702	insulin	9031	22951197
16277173	2	4	696	702	insulin	7227	20968790
16277173	2	4	746	750	GLP-1	9606	23934764
16277173	2	4	838	844	insulin	7955	21858280
16277173	2	4	838	844	insulin	9913	24389705
16277173	2	4	838	844	insulin	7955	21874298
16277173	2	4	838	844	insulin	9606	23933907
16277173	2	4	838	844	insulin	9823	24299940
16277173	2	4	838	844	insulin	9031	22951197
16277173	2	4	838	844	insulin	7227	20968790
16277173	2	4	926	940	Type 2 diabetes	-26	1006011304
16277173	2	5	943	947	GLP-1	9606	23934764
16277173	2	5	975	997	dipeptidyl peptidase IV	10090	205929
16277173	2	5	975	997	dipeptidyl peptidase IV	9606	23929633
16277173	2	5	975	997	dipeptidyl peptidase IV	9823	24302516
16277173	2	5	975	997	dipeptidyl peptidase IV	9913	24391037
16277173	2	5	975	997	dipeptidyl peptidase IV	10116	264334
16277173	2	5	1000	1005	DPP-IV	9606	23929633
16277173	2	5	1000	1005	DPP-IV	9823	24302516
16277173	2	5	1000	1005	DPP-IV	9913	24391037
16277173	2	5	1000	1005	DPP-IV	10116	264334
16277173	2	6	1162	1168	glucose	-1	200001652
16277173	2	6	1162	1168	glucose	-1	200092330
16277173	2	6	1162	1168	glucose	-1	200938914
16277173	2	6	1181	1185	GLP-1	9606	23934764
16277173	2	7	1321	1325	GLP-1	9606	23934764
16277173	2	8	1512	1526	Type 2 diabetes	-26	1006011304
16277173	2	8	1545	1549	GLP-1	9606	23934764
16277173	2	8	1584	1588	GLP-1	9606	23934764
16277173	2	8	1652	1657	DPP-IV	9606	23929633
16277173	2	8	1652	1657	DPP-IV	9823	24302516
16277173	2	8	1652	1657	DPP-IV	9913	24391037
16277173	2	8	1652	1657	DPP-IV	10116	264334
16277173	2	8	1728	1732	GLP-1	9606	23934764
27654424	1	1	47	51	Human	-2	24905370
27654424	1	1	90	123	Vascular Endothelial Growth Factor	9606	23938556
27654424	2	1	137	170	Vascular endothelial growth factor	9606	23938556
27654424	2	1	185	189	human	-2	24905370
27654424	2	1	275	282	glaucoma	-26	1006006437
27654424	2	2	313	316	VEGF	9606	23938556
27654424	2	2	340	342	BVC	-1	204818596
27654424	2	3	437	439	BVC	-1	204818596
27654424	2	3	493	495	BVC	-1	204818596
27654424	2	3	510	513	VEGF	9606	23938556
27654424	2	4	561	565	Human	-2	24905370
27654424	2	5	725	727	BVC	-1	204818596
27654424	2	5	743	745	RNB	7227	20965710
27654424	2	6	875	897	5-bromo-2-deoxy-uridine	-1	200045528
27654424	2	6	875	897	5-bromo-2-deoxy-uridine	-1	200044729
27654424	2	7	963	966	VEGF	9606	23938556
27654424	2	9	1108	1110	hTF	10116	254673
27654424	2	9	1157	1159	BVC	-1	204818596
27654424	2	10	1236	1238	BVC	-1	204818596
27654424	2	11	1326	1328	BVC	-1	204818596
27654424	2	11	1364	1366	RNB	7227	20965710
27654424	2	11	1422	1425	VEGF	9606	23938556
27654424	2	12	1464	1467	CD20	10090	218017
27654424	2	12	1464	1467	CD20	9606	23936909
27654424	2	12	1464	1467	CD20	9606	23919948
27654424	2	12	1464	1467	CD20	9913	24385214
27654424	2	12	1464	1467	CD20	9823	24297127
27654424	2	12	1502	1505	VEGF	9606	23938556
27654424	2	12	1516	1518	hTF	10116	254673
27654424	2	12	1559	1561	BVC	-1	204818596
27654424	2	14	1740	1742	BVC	-1	204818596
27654424	2	14	1770	1773	VEGF	9606	23938556
27654424	2	15	1822	1825	VEGF	9606	23938556
27654424	2	15	1831	1833	hTF	10116	254673
30509011	1	1	80	84	Rhode	-2	25312716
21571936	1	1	0	21	Streptomyces panacagri	-2	25205051
21571936	1	1	57	63	ginseng	-2	24900730
21571936	2	1	173	179	ginseng	-2	24900730
21571936	2	2	263	282	Streptomyces marinus	-2	25394793
21571936	2	2	344	367	Streptomyces albiaxialis	-2	25174226
21571936	2	2	394	424	Streptomyces albus subsp. albus	-2	24942839
21571936	2	2	448	470	Streptomyces almquistii	-2	24942853
21571936	2	2	495	515	Streptomyces gibsonii	-2	24943552
21571936	2	2	540	564	Streptomyces rangoonensis	-2	24942936
21571936	2	2	589	612	Streptomyces sodiiphilus	-2	25084884
21571936	2	2	639	660	Streptomyces flocculus	-2	24942881
21571936	2	4	760	763	MK-9	10090	207752
21571936	2	4	773	776	MK-9	10090	207752
21571936	2	4	795	806	menaquinones	-1	200608168
21571936	2	4	812	830	diaminopimelic acid	-1	200008395
21571936	2	4	812	830	diaminopimelic acid	-1	200008396
21571936	2	4	812	830	diaminopimelic acid	-1	226223682
21571936	2	4	812	830	diaminopimelic acid	-1	200008392
21571936	2	4	895	901	mannose	-1	200001612
21571936	2	4	907	913	glucose	-1	200001652
21571936	2	4	907	913	glucose	-1	200092330
21571936	2	4	907	913	glucose	-1	200938914
21571936	2	4	950	962	anteiso-C15:0	-1	200085473
21571936	2	4	965	973	iso-C15:0	-1	200357609
21571936	2	4	976	984	iso-C17:0	-1	200386614
21571936	2	4	995	999	C17:0	-1	200059265
21571936	2	4	1024	1034	fatty acids	-1	200002637
21571936	2	4	1097	1108	Streptomyces	-2	24898887
21571936	2	5	1299	1310	Streptomyces	-2	24898887
21571936	2	6	1384	1405	Streptomyces panacagri	-2	25205051
6625173	1	1	17	29	catecholamine	-1	200433214
6625173	1	1	64	68	human	-2	24905370
6625173	2	1	190	202	catecholamine	-1	200433214
6625173	2	1	228	231	CA-S	7227	20963394
6625173	2	1	228	231	CA-S	3702	13307759
6625173	2	1	228	231	CA-S	7227	20962351
6625173	2	1	228	231	CA-S	10090	218592
6625173	2	1	228	231	CA-S	9606	23934954
6625173	2	1	228	231	CA-S	3702	13295845
6625173	2	1	228	231	CA-S	10116	262830
6625173	2	1	228	231	CA-S	9606	23922422
6625173	2	1	228	231	CA-S	7227	20960136
6625173	2	1	228	231	CA-S	9823	24286536
6625173	2	1	228	231	CA-S	9913	24389160
6625173	2	1	228	231	CA-S	7955	21859754
6625173	2	1	228	231	CA-S	9031	22950010
6625173	2	1	228	231	CA-S	9606	23934130
6625173	2	1	228	231	CA-S	9031	22962556
6625173	2	1	228	231	CA-S	10090	198869
6625173	2	1	228	231	CA-S	9823	24300173
6625173	2	1	228	231	CA-S	7955	21855903
6625173	2	2	300	303	CA-S	7227	20963394
6625173	2	2	300	303	CA-S	3702	13307759
6625173	2	2	300	303	CA-S	7227	20962351
6625173	2	2	300	303	CA-S	10090	218592
6625173	2	2	300	303	CA-S	9606	23934954
6625173	2	2	300	303	CA-S	3702	13295845
6625173	2	2	300	303	CA-S	10116	262830
6625173	2	2	300	303	CA-S	9606	23922422
6625173	2	2	300	303	CA-S	7227	20960136
6625173	2	2	300	303	CA-S	9823	24286536
6625173	2	2	300	303	CA-S	9913	24389160
6625173	2	2	300	303	CA-S	7955	21859754
6625173	2	2	300	303	CA-S	9031	22950010
6625173	2	2	300	303	CA-S	9606	23934130
6625173	2	2	300	303	CA-S	9031	22962556
6625173	2	2	300	303	CA-S	10090	198869
6625173	2	2	300	303	CA-S	9823	24300173
6625173	2	2	300	303	CA-S	7955	21855903
6625173	2	2	310	324	ethylenediamine	-1	200025438
6625173	2	2	310	324	ethylenediamine	-1	208153556
6625173	2	3	526	531	Teflon	7227	20966345
6625173	2	6	756	759	CA-S	7227	20963394
6625173	2	6	756	759	CA-S	3702	13307759
6625173	2	6	756	759	CA-S	7227	20962351
6625173	2	6	756	759	CA-S	10090	218592
6625173	2	6	756	759	CA-S	9606	23934954
6625173	2	6	756	759	CA-S	3702	13295845
6625173	2	6	756	759	CA-S	10116	262830
6625173	2	6	756	759	CA-S	9606	23922422
6625173	2	6	756	759	CA-S	7227	20960136
6625173	2	6	756	759	CA-S	9823	24286536
6625173	2	6	756	759	CA-S	9913	24389160
6625173	2	6	756	759	CA-S	7955	21859754
6625173	2	6	756	759	CA-S	9031	22950010
6625173	2	6	756	759	CA-S	9606	23934130
6625173	2	6	756	759	CA-S	9031	22962556
6625173	2	6	756	759	CA-S	10090	198869
6625173	2	6	756	759	CA-S	9823	24300173
6625173	2	6	756	759	CA-S	7955	21855903
6625173	2	7	843	846	CA-S	7227	20963394
6625173	2	7	843	846	CA-S	3702	13307759
6625173	2	7	843	846	CA-S	7227	20962351
6625173	2	7	843	846	CA-S	10090	218592
6625173	2	7	843	846	CA-S	9606	23934954
6625173	2	7	843	846	CA-S	3702	13295845
6625173	2	7	843	846	CA-S	10116	262830
6625173	2	7	843	846	CA-S	9606	23922422
6625173	2	7	843	846	CA-S	7227	20960136
6625173	2	7	843	846	CA-S	9823	24286536
6625173	2	7	843	846	CA-S	9913	24389160
6625173	2	7	843	846	CA-S	7955	21859754
6625173	2	7	843	846	CA-S	9031	22950010
6625173	2	7	843	846	CA-S	9606	23934130
6625173	2	7	843	846	CA-S	9031	22962556
6625173	2	7	843	846	CA-S	10090	198869
6625173	2	7	843	846	CA-S	9823	24300173
6625173	2	7	843	846	CA-S	7955	21855903
6625173	2	8	927	944	dopamine 3-sulfate	-1	200293127
6625173	2	8	947	964	dopamine 4-sulfate	-1	200297784
6625173	2	8	967	980	norepinephrine	-1	200009287
6625173	2	8	993	1006	norepinephrine	-1	200009287
6625173	2	8	1019	1039	epinephrine 3-sulfate	-1	215124866
6625173	2	8	1046	1066	epinephrine 4-sulfate	-1	205207287
25394395	1	1	13	25	Panax ginseng	-2	24900730
25394395	1	1	53	56	rats	-2	24905816
25394395	2	1	236	248	schizophrenia	-26	1006008994
25394395	2	2	270	282	Schizophrenia	-26	1006008994
25394395	2	3	516	519	rats	-2	24905816
25394395	2	4	586	598	Panax ginseng	-2	24900730
25394395	2	5	619	622	rats	-2	24905816
25394395	2	6	924	927	rats	-2	24905816
25394395	2	9	1663	1675	schizophrenia	-26	1006008994
22592575	2	8	879	882	TUMS	-1	200058051
22592575	2	9	1096	1099	TUMS	-1	200058051
10972554	2	1	276	290	iodine solution	-1	200007774
10972554	2	3	575	578	3 HU	-1	234963711
10972554	2	7	797	811	iodine solution	-1	200007774
24977335	1	1	104	115	pancreatitis	-26	1006008674
24977335	2	1	305	316	pancreatitis	-26	1006008674
24977335	2	2	384	387	rats	-2	24905816
24977335	2	7	1098	1109	pancreatitis	-26	1006008674
24977335	2	9	1397	1408	pancreatitis	-26	1006008674
26701374	1	1	10	29	Hirschsprung disease	-26	1006004227
8540433	1	1	0	11	Nitric oxide	-1	200345637
6444819	1	1	40	70	mixed connective tissue disease	-26	1006007616
6444819	2	1	103	133	mixed connective tissue disease	-26	1006007616
6444819	2	1	136	139	MCTD	-26	1006007616
6444819	2	3	434	437	MCTD	-26	1006007616
9449436	1	1	142	144	rat	-2	24905816
9449436	2	1	174	206	muscarinic acetylcholine receptor	7955	21854200
9449436	2	1	174	206	muscarinic acetylcholine receptor	7955	21879520
9449436	2	1	174	206	muscarinic acetylcholine receptor	9031	22953088
9449436	2	1	174	206	muscarinic acetylcholine receptor	7955	21861737
9449436	2	1	174	206	muscarinic acetylcholine receptor	7955	21864874
9449436	2	1	174	206	muscarinic acetylcholine receptor	9823	24290722
9449436	2	1	174	206	muscarinic acetylcholine receptor	7955	21856027
9449436	2	1	174	206	muscarinic acetylcholine receptor	7955	21865947
9449436	2	1	174	206	muscarinic acetylcholine receptor	7955	21866131
9449436	2	1	174	206	muscarinic acetylcholine receptor	7955	21857620
9449436	2	1	174	206	muscarinic acetylcholine receptor	9913	24398428
9449436	2	1	174	206	muscarinic acetylcholine receptor	9913	24398157
9449436	2	1	174	206	muscarinic acetylcholine receptor	7955	21879782
9449436	2	1	174	206	muscarinic acetylcholine receptor	7955	21880135
9449436	2	1	219	229	scopolamine	-1	200039275
9449436	2	1	273	283	propranolol	-1	200037513
9449436	2	1	288	295	atenolol	-1	200017253
9449436	2	1	309	315	tetanus	-26	1006004700
9449436	2	1	382	384	rat	-2	24905816
9449436	2	2	415	425	scopolamine	-1	200039275
9449436	2	2	446	456	propranolol	-1	200037513
9449436	2	2	461	468	atenolol	-1	200017253
9449436	2	3	575	585	scopolamine	-1	200039275
9449436	2	3	591	598	atenolol	-1	200017253
9449436	2	3	617	623	tetanus	-26	1006004700
9449436	2	4	960	966	tetanus	-26	1006004700
26191	1	1	19	32	phospholipases	3702	13292246
9853582	1	1	43	54	transferrins	9606	23920794
9853582	1	1	43	54	transferrins	9606	23934525
9853582	2	1	186	197	transferrins	9606	23920794
9853582	2	1	186	197	transferrins	9606	23934525
9853582	2	2	310	313	mice	-2	24905795
9853582	2	2	320	331	transferrins	9606	23920794
9853582	2	2	320	331	transferrins	9606	23934525
9853582	2	3	495	506	transferrins	9606	23920794
9853582	2	3	495	506	transferrins	9606	23934525
9853582	2	3	656	659	mice	-2	24905795
9853582	2	3	674	678	human	-2	24905370
9853582	2	3	680	691	transferrins	9606	23920794
9853582	2	3	680	691	transferrins	9606	23934525
9853582	2	4	749	760	transferrins	9606	23920794
9853582	2	4	749	760	transferrins	9606	23934525
10893354	1	1	78	84	empyema	-26	1006007821
10893354	2	1	196	202	empyema	-26	1006007821
10893354	2	2	341	347	empyema	-26	1006007821
10893354	2	3	446	452	empyema	-26	1006007821
10893354	2	14	1380	1386	empyema	-26	1006007821
23744276	1	1	79	104	non-small cell lung cancer	-26	1006007897
23744276	2	1	111	136	non-small cell lung cancer	-26	1006007897
23744276	2	1	139	143	NSCLC	-26	1006007897
23744276	2	1	210	215	cancer	-26	1006006397
23744276	2	1	264	269	Cancer	-26	1006006397
23744276	2	1	312	317	Cancer	-26	1006006397
23744276	2	1	377	381	NSCLC	-26	1006007897
23744276	2	2	533	538	cancer	-26	1006006397
23744276	2	3	799	803	NSCLC	-26	1006007897
23744276	2	4	903	905	T1a	10116	256906
23744276	2	4	903	905	T1a	10090	202939
23744276	2	4	903	905	T1a	9606	23924324
23744276	2	4	903	905	T1a	7227	20958119
23744276	2	4	916	920	NSCLC	-26	1006007897
23744276	2	5	1050	1056	disease	-26	1006007946
23744276	2	7	1284	1289	cancer	-26	1006006397
23744276	2	7	1300	1302	LNR	-1	224148616
23744276	2	7	1329	1351	squamous cell carcinoma	-26	1006006471
23744276	2	10	1810	1814	NSCLC	-26	1006007897
394760	1	1	42	44	rat	-2	24905816
394760	2	6	853	859	trypsin	7955	21861674
394760	2	6	853	859	trypsin	9823	24293131
394760	2	7	1119	1125	trypsin	7955	21861674
394760	2	7	1119	1125	trypsin	9823	24293131
19505637	2	2	267	272	primus	-1	218039212
2549294	1	1	11	18	aluminum	-1	200259035
2549294	1	1	34	45	3H-thymidine	-1	200010712
2549294	2	1	86	93	Aluminum	-1	200259035
2549294	2	1	103	114	osteomalacia	-26	1006004278
2549294	2	2	254	261	aluminum	-1	200259035
2549294	2	2	348	350	PTH	10090	211168
2549294	2	2	348	350	PTH	9606	23923714
2549294	2	2	348	350	PTH	10116	256536
2549294	2	2	348	350	PTH	9823	24290829
2549294	2	2	348	350	PTH	9031	22950422
2549294	2	2	348	350	PTH	9913	24393094
2549294	2	2	348	350	PTH	9823	24289410
2549294	2	2	348	350	PTH	7955	21875531
2549294	2	2	348	350	PTH	4932	16753711
2549294	2	2	348	350	PTH	7227	20961223
2549294	2	3	428	435	aluminum	-1	200259035
2549294	2	3	526	528	rat	-2	24905816
2549294	2	3	552	571	alkaline-phosphatase	9031	22959456
2549294	2	3	552	571	alkaline-phosphatase	4896	16672321
2549294	2	3	552	571	alkaline-phosphatase	7227	20958961
2549294	2	3	552	571	alkaline-phosphatase	7227	20963937
2549294	2	3	552	571	alkaline-phosphatase	7227	20964945
2549294	2	3	552	571	alkaline-phosphatase	7955	21875089
2549294	2	3	552	571	alkaline-phosphatase	9031	22959729
2549294	2	3	552	571	alkaline-phosphatase	7227	20958962
2549294	2	3	552	571	alkaline-phosphatase	9031	22951954
2549294	2	3	552	571	alkaline-phosphatase	9823	24292986
2549294	2	3	552	571	alkaline-phosphatase	9913	24396634
2549294	2	3	552	571	alkaline-phosphatase	7227	20958963
2549294	2	3	552	571	alkaline-phosphatase	7955	21877883
2549294	2	3	552	571	alkaline-phosphatase	10090	216116
2549294	2	3	552	571	alkaline-phosphatase	10116	262364
2549294	2	3	552	571	alkaline-phosphatase	7227	20965812
2549294	2	3	552	571	alkaline-phosphatase	7955	21855540
2549294	2	3	552	571	alkaline-phosphatase	10116	259109
2549294	2	3	552	571	alkaline-phosphatase	7227	20967037
2549294	2	3	595	597	PTH	10090	211168
2549294	2	3	595	597	PTH	9606	23923714
2549294	2	3	595	597	PTH	10116	256536
2549294	2	3	595	597	PTH	9823	24290829
2549294	2	3	595	597	PTH	9031	22950422
2549294	2	3	595	597	PTH	9913	24393094
2549294	2	3	595	597	PTH	9823	24289410
2549294	2	3	595	597	PTH	7955	21875531
2549294	2	3	595	597	PTH	4932	16753711
2549294	2	3	595	597	PTH	7227	20961223
2549294	2	3	623	630	collagen	7227	20962473
2549294	2	4	633	640	Aluminum	-1	200259035
2549294	2	4	699	700	Al	7227	20962017
2549294	2	4	770	777	aluminum	-1	200259035
2549294	2	5	819	820	Al	7227	20962017
2549294	2	5	912	919	aluminum	-1	200259035
2549294	2	6	978	985	aluminum	-1	200259035
2549294	2	6	1029	1040	3H-thymidine	-1	200010712
2549294	2	7	1210	1219	3H-leucine	-1	200008311
2549294	2	8	1387	1388	Al	7227	20962017
2549294	2	10	1498	1499	Al	7227	20962017
2549294	2	10	1520	1522	PTH	10090	211168
2549294	2	10	1520	1522	PTH	9606	23923714
2549294	2	10	1520	1522	PTH	10116	256536
2549294	2	10	1520	1522	PTH	9823	24290829
2549294	2	10	1520	1522	PTH	9031	22950422
2549294	2	10	1520	1522	PTH	9913	24393094
2549294	2	10	1520	1522	PTH	9823	24289410
2549294	2	10	1520	1522	PTH	7955	21875531
2549294	2	10	1520	1522	PTH	4932	16753711
2549294	2	10	1520	1522	PTH	7227	20961223
2549294	2	10	1532	1535	cAMP	-1	200002577
2549294	2	10	1532	1535	cAMP	-1	200247920
2549294	2	11	1568	1575	aluminum	-1	200259035
2549294	2	12	1718	1725	aluminum	-1	200259035
2549294	2	12	1841	1842	Al	7227	20962017
2549294	2	12	1847	1854	ABSTRACT	7227	20962454
23940603	1	1	73	77	fungi	-2	24901348
23940603	2	2	393	397	fungi	-2	24901348
23940603	2	3	561	571	Metarhizium	-2	24901988
23940603	2	3	577	585	Beauveria	-2	24902017
23940603	2	4	759	763	fungi	-2	24901348
23940603	2	5	1048	1060	beauverolides	-1	200444188
23940603	2	6	1192	1200	Beauveria	-2	24902017
23940603	2	6	1277	1287	Metarhizium	-2	24901988
23940603	2	7	1360	1364	fungi	-2	24901348
31572	1	1	27	38	hypertension	-26	1006004364
25026851	1	1	22	24	HIV	-2	24914996
25026851	1	1	22	24	HIV	-2	24934606
25026851	1	1	22	24	HIV	-2	24906983
25026851	1	1	22	24	HIV	-2	24907015
25026851	1	1	22	24	HIV	-2	24907663
15095032	1	1	49	55	calcium	7227	20967310
15095032	2	1	125	131	Calcium	7227	20967310
15095032	2	1	160	161	Ca	7227	20965688
15095032	2	1	160	161	Ca	7227	20971602
15095032	2	1	160	161	Ca	10090	203672
15095032	2	1	160	161	Ca	7227	20965708
15095032	2	1	160	161	Ca	10090	201191
15095032	2	1	160	161	Ca	10090	199147
15095032	2	1	283	284	Ca	7227	20965688
15095032	2	1	283	284	Ca	7227	20971602
15095032	2	1	283	284	Ca	10090	203672
15095032	2	1	283	284	Ca	7227	20965708
15095032	2	1	283	284	Ca	10090	201191
15095032	2	1	283	284	Ca	10090	199147
15095032	2	1	300	301	Ca	7227	20965688
15095032	2	1	300	301	Ca	7227	20971602
15095032	2	1	300	301	Ca	10090	203672
15095032	2	1	300	301	Ca	7227	20965708
15095032	2	1	300	301	Ca	10090	201191
15095032	2	1	300	301	Ca	10090	199147
15095032	2	1	307	312	maxi-K	9606	23923930
15095032	2	1	307	312	maxi-K	10090	220396
15095032	2	2	388	389	Ca	7227	20965688
15095032	2	2	388	389	Ca	7227	20971602
15095032	2	2	388	389	Ca	10090	203672
15095032	2	2	388	389	Ca	7227	20965708
15095032	2	2	388	389	Ca	10090	201191
15095032	2	2	388	389	Ca	10090	199147
15095032	2	2	418	435	5-(2-fluoro-phenyl	-1	200057659
15095032	2	2	438	471	4-methyl-1H-pyrrole-3-carbonitrile	-1	206756092
15095032	2	2	474	477	NS-8	-26	1006001600
15095032	2	2	481	490	BMS-204352	-1	200477965
15095032	2	2	510	534	5-chloro-2-hydroxy-phenyl	-1	200035356
15095032	2	2	547	563	6-trifluoromethyl	-1	200075427
15095032	2	2	565	587	1,3-dihydro-indol-2-one	-1	200165962
15095032	2	2	565	587	1,3-dihydro-indol-2-one	-1	200703397
15095032	2	2	611	618	dichloro	-1	200369082
15095032	2	2	623	647	5-chloro-2-hydroxy-phenyl	-1	200035356
15095032	2	2	650	676	3-hydroxy-1H-quinolin-2-one	-1	201716555
15095032	2	3	734	735	Ca	7227	20965688
15095032	2	3	734	735	Ca	7227	20971602
15095032	2	3	734	735	Ca	10090	203672
15095032	2	3	734	735	Ca	7227	20965708
15095032	2	3	734	735	Ca	10090	201191
15095032	2	3	734	735	Ca	10090	199147
15095032	2	4	917	918	Ca	7227	20965688
15095032	2	4	917	918	Ca	7227	20971602
15095032	2	4	917	918	Ca	10090	203672
15095032	2	4	917	918	Ca	7227	20965708
15095032	2	4	917	918	Ca	10090	201191
15095032	2	4	917	918	Ca	10090	199147
15095032	2	4	929	932	NS-8	-26	1006001600
15095032	2	4	1052	1054	rat	-2	24905816
15095032	2	4	1063	1065	rat	-2	24905816
15095032	2	4	1071	1080	guinea pig	-2	24905836
15095032	2	4	1143	1145	pig	-2	24905580
15095032	2	5	1302	1306	logIC	-1	200139582
15095032	2	6	1336	1338	rat	-2	24905816
15095032	2	7	1552	1553	Ca	7227	20965688
15095032	2	7	1552	1553	Ca	7227	20971602
15095032	2	7	1552	1553	Ca	10090	203672
15095032	2	7	1552	1553	Ca	7227	20965708
15095032	2	7	1552	1553	Ca	10090	201191
15095032	2	7	1552	1553	Ca	10090	199147
15095032	2	7	1682	1683	Ca	7227	20965688
15095032	2	7	1682	1683	Ca	7227	20971602
15095032	2	7	1682	1683	Ca	10090	203672
15095032	2	7	1682	1683	Ca	7227	20965708
15095032	2	7	1682	1683	Ca	10090	201191
15095032	2	7	1682	1683	Ca	10090	199147
15095032	2	8	1937	1938	Ca	7227	20965688
15095032	2	8	1937	1938	Ca	7227	20971602
15095032	2	8	1937	1938	Ca	10090	203672
15095032	2	8	1937	1938	Ca	7227	20965708
15095032	2	8	1937	1938	Ca	10090	201191
15095032	2	8	1937	1938	Ca	10090	199147
19090945	1	1	44	63	erectile dysfunction	-26	1006006538
19090945	2	2	287	306	erectile dysfunction	-26	1006006538
13429680	1	1	9	19	meningocele	-26	1006004430
29038439	1	1	12	17	Nkx3.1	9606	23932712
29038439	1	1	12	17	Nkx3.1	10090	200875
29038439	1	1	12	17	Nkx3.1	9823	24297652
29038439	1	1	12	17	Nkx3.1	9913	24383237
29038439	1	1	30	33	Erk5	10090	211050
29038439	1	1	30	33	Erk5	10116	269498
29038439	1	1	30	33	Erk5	9606	23925894
29038439	1	1	30	33	Erk5	7955	21875960
29038439	1	1	30	33	Erk5	9913	24383114
29038439	1	1	30	33	Erk5	10116	266685
29038439	2	1	169	174	kinase	6239	19118840
29038439	2	1	169	174	kinase	7955	21864232
29038439	2	1	169	174	kinase	7955	21873552
29038439	2	1	169	174	kinase	9031	22962432
29038439	2	1	169	174	kinase	7227	20958897
29038439	2	1	169	174	kinase	7955	21854889
29038439	2	1	169	174	kinase	10090	209746
29038439	2	1	169	174	kinase	6239	19126186
29038439	2	1	169	174	kinase	7955	21861322
29038439	2	1	169	174	kinase	9823	24283290
29038439	2	1	169	174	kinase	3702	13289755
29038439	2	1	169	174	kinase	7227	20968195
29038439	2	1	169	174	kinase	7955	21860099
29038439	2	1	169	174	kinase	7955	21864411
29038439	2	1	169	174	kinase	9031	22952451
29038439	2	1	169	174	kinase	9913	24383483
29038439	2	1	169	174	kinase	7955	21875972
29038439	2	1	169	174	kinase	9031	22950636
29038439	2	1	169	174	kinase	9913	24393340
29038439	2	1	169	174	kinase	6239	19132125
29038439	2	1	169	174	kinase	7227	20971101
29038439	2	1	169	174	kinase	7955	21858077
29038439	2	1	169	174	kinase	9031	22948637
29038439	2	1	169	174	kinase	9031	22952749
29038439	2	1	169	174	kinase	9823	24289461
29038439	2	1	169	174	kinase	9913	24388725
29038439	2	1	169	174	kinase	9913	24393261
29038439	2	1	169	174	kinase	9913	24394957
29038439	2	1	169	174	kinase	9913	24397693
29038439	2	1	169	174	kinase	6239	19128182
29038439	2	1	169	174	kinase	7955	21854782
29038439	2	1	169	174	kinase	7955	21856030
29038439	2	1	169	174	kinase	9031	22948766
29038439	2	1	169	174	kinase	7227	20959919
29038439	2	1	169	174	kinase	7227	20962031
29038439	2	1	169	174	kinase	7227	20962879
29038439	2	1	169	174	kinase	7955	21867543
29038439	2	1	169	174	kinase	9913	24388935
29038439	2	1	179	182	ERK5	10090	211050
29038439	2	1	179	182	ERK5	10116	269498
29038439	2	1	179	182	ERK5	9606	23925894
29038439	2	1	179	182	ERK5	7955	21875960
29038439	2	1	179	182	ERK5	9913	24383114
29038439	2	1	179	182	ERK5	10116	266685
29038439	2	2	244	249	Nkx3.1	9606	23932712
29038439	2	2	244	249	Nkx3.1	10090	200875
29038439	2	2	244	249	Nkx3.1	9823	24297652
29038439	2	2	244	249	Nkx3.1	9913	24383237
29038439	2	2	326	330	mouse	-2	24905795
29038439	2	3	433	438	Nkx3.1	9606	23932712
29038439	2	3	433	438	Nkx3.1	10090	200875
29038439	2	3	433	438	Nkx3.1	9823	24297652
29038439	2	3	433	438	Nkx3.1	9913	24383237
29038439	2	3	444	447	Erk5	10090	211050
29038439	2	3	444	447	Erk5	10116	269498
29038439	2	3	444	447	Erk5	9606	23925894
29038439	2	3	444	447	Erk5	7955	21875960
29038439	2	3	444	447	Erk5	9913	24383114
29038439	2	3	444	447	Erk5	10116	266685
29038439	2	3	456	459	Erk5	10090	211050
29038439	2	3	456	459	Erk5	10116	269498
29038439	2	3	456	459	Erk5	9606	23925894
29038439	2	3	456	459	Erk5	7955	21875960
29038439	2	3	456	459	Erk5	9913	24383114
29038439	2	3	456	459	Erk5	10116	266685
29038439	2	3	468	471	mice	-2	24905795
29038439	2	4	583	586	Erk5	10090	211050
29038439	2	4	583	586	Erk5	10116	269498
29038439	2	4	583	586	Erk5	9606	23925894
29038439	2	4	583	586	Erk5	7955	21875960
29038439	2	4	583	586	Erk5	9913	24383114
29038439	2	4	583	586	Erk5	10116	266685
29038439	2	4	594	597	mice	-2	24905795
29038439	2	4	614	621	deformed	7227	20968530
29038439	2	4	614	621	deformed	7227	20963725
29038439	2	5	864	867	Erk5	10090	211050
29038439	2	5	864	867	Erk5	10116	269498
29038439	2	5	864	867	Erk5	9606	23925894
29038439	2	5	864	867	Erk5	7955	21875960
29038439	2	5	864	867	Erk5	9913	24383114
29038439	2	5	864	867	Erk5	10116	266685
29038439	2	5	875	878	mice	-2	24905795
29038439	2	7	1090	1094	RANKL	9606	23934104
29038439	2	7	1090	1094	RANKL	10090	200851
29038439	2	7	1090	1094	RANKL	10116	254379
29038439	2	7	1090	1094	RANKL	9031	22960184
29038439	2	7	1090	1094	RANKL	9823	24287970
29038439	2	7	1090	1094	RANKL	7955	21864397
29038439	2	7	1182	1185	ERK5	10090	211050
29038439	2	7	1182	1185	ERK5	10116	269498
29038439	2	7	1182	1185	ERK5	9606	23925894
29038439	2	7	1182	1185	ERK5	7955	21875960
29038439	2	7	1182	1185	ERK5	9913	24383114
29038439	2	7	1182	1185	ERK5	10116	266685
29038439	2	8	1350	1353	Erk5	10090	211050
29038439	2	8	1350	1353	Erk5	10116	269498
29038439	2	8	1350	1353	Erk5	9606	23925894
29038439	2	8	1350	1353	Erk5	7955	21875960
29038439	2	8	1350	1353	Erk5	9913	24383114
29038439	2	8	1350	1353	Erk5	10116	266685
29038439	2	8	1393	1396	Erk5	10090	211050
29038439	2	8	1393	1396	Erk5	10116	269498
29038439	2	8	1393	1396	Erk5	9606	23925894
29038439	2	8	1393	1396	Erk5	7955	21875960
29038439	2	8	1393	1396	Erk5	9913	24383114
29038439	2	8	1393	1396	Erk5	10116	266685
29038439	2	8	1404	1407	mice	-2	24905795
29038439	2	8	1424	1427	mice	-2	24905795
29038439	2	9	1482	1485	Erk5	10090	211050
29038439	2	9	1482	1485	Erk5	10116	269498
29038439	2	9	1482	1485	Erk5	9606	23925894
29038439	2	9	1482	1485	Erk5	7955	21875960
29038439	2	9	1482	1485	Erk5	9913	24383114
29038439	2	9	1482	1485	Erk5	10116	266685
21112351	1	1	18	24	calcium	7227	20967310
21112351	1	1	77	80	rats	-2	24905816
21112351	2	1	90	96	calcium	7227	20967310
21112351	2	3	353	359	calcium	7227	20967310
21112351	2	3	412	415	rats	-2	24905816
21112351	2	4	458	464	calcium	7227	20967310
21112351	2	4	494	508	zonisamide (ZNS	-1	200044716
21112351	2	4	512	523	ethosuximide	-1	200025400
21112351	2	4	526	535	lomerizine	-1	200030337
21112351	2	4	538	546	amiloride	-1	200074164
21112351	2	4	549	558	mibefradil	-1	200155323
21112351	2	4	580	589	mibefradil	-1	200155323
21112351	2	4	606	612	tacrine	-1	200015211
21112351	2	7	1008	1019	ethosuximide	-1	200025400
21112351	2	8	1147	1153	calcium	7227	20967310
18770820	2	2	296	302	disease	-26	1006007946
21735122	1	1	26	34	nitramine	-1	200944556
21735122	1	1	94	122	N-methyl-D-aspartate receptor	10116	252536
21735122	2	1	147	175	N-methyl-D-aspartate receptor	10116	252536
21735122	2	1	178	182	NMDAR	7227	20958220
21735122	2	1	178	182	NMDAR	7227	20962370
21735122	2	1	178	182	NMDAR	10090	202350
21735122	2	1	284	290	mammals	-2	24919614
21735122	2	3	539	541	NR1	7227	20962370
21735122	2	3	539	541	NR1	10090	202350
21735122	2	3	547	550	NR2A	9606	23933809
21735122	2	3	547	550	NR2A	10116	263441
21735122	2	3	547	550	NR2A	10090	216588
21735122	2	4	607	617	cycloserine	-1	200004336
21735122	2	4	620	622	DCS	10090	200505
21735122	2	4	629	654	5,7-dichlorokynurenic acid	-1	200014543
21735122	2	4	657	664	5,7-DCKA	-1	200014543
21735122	2	8	1292	1314	trinitro-1,3,5-triazine	-1	230401190
21735122	2	8	1363	1373	tetrazocane	-1	229778259
21735122	2	8	1376	1378	HMX	7227	20971207
21735122	2	9	1541	1545	NMDAR	7227	20958220
21735122	2	9	1541	1545	NMDAR	7227	20962370
21735122	2	9	1541	1545	NMDAR	10090	202350
23213319	1	1	44	52	PPARalpha	9823	24281278
23213319	1	1	44	52	PPARalpha	9606	23934488
23213319	1	1	44	52	PPARalpha	9913	24387016
23213319	1	1	44	52	PPARalpha	10090	215428
23213319	1	1	70	77	Ischemia	-26	1006007448
23213319	2	1	107	114	ischemia	-26	1006007448
23213319	2	2	204	211	ischemia	-26	1006007448
23213319	2	3	376	384	PPARalpha	9823	24281278
23213319	2	3	376	384	PPARalpha	9606	23934488
23213319	2	3	376	384	PPARalpha	9913	24387016
23213319	2	3	376	384	PPARalpha	10090	215428
23213319	2	4	539	547	PPARalpha	9823	24281278
23213319	2	4	539	547	PPARalpha	9606	23934488
23213319	2	4	539	547	PPARalpha	9913	24387016
23213319	2	4	539	547	PPARalpha	10090	215428
23213319	2	5	785	792	ischemia	-26	1006007448
25250495	2	2	221	226	bovine	-2	24905655
25250495	2	3	391	397	ethanol	-1	200006753
25250495	2	3	414	428	phosphoric acid	-1	200009761
25250495	2	3	445	461	hydrofluoric acid	-1	200071088
25250495	2	3	482	498	hydrogen peroxide	-1	200007575
25250495	2	10	1127	1143	hydrogen peroxide	-1	200007575
3947105	2	2	245	248	mice	-2	24905795
3947105	2	3	281	288	platinum	-1	200034462
3947105	2	4	384	391	platinum	-1	200034462
3947105	2	5	606	613	platinum	-1	200034462
3947105	2	5	626	628	BUN	7227	20968876
3947105	2	6	753	760	platinum	-1	200034462
3947105	2	6	766	768	BUN	7227	20968876
3947105	2	6	789	796	platinum	-1	200034462
3947105	2	7	960	963	mice	-2	24905795
3947105	2	8	981	988	platinum	-1	200034462
3947105	2	8	1001	1003	BUN	7227	20968876
3947105	2	9	1092	1104	renal failure	-26	1006004354
3947105	2	10	1142	1149	platinum	-1	200034462
19198529	1	1	19	38	Wuchereria bancrofti	-2	24902626
19198529	1	1	44	56	Brugia malayi	-2	24902612
19198529	1	1	79	85	Diptera	-2	24903337
19198529	1	1	88	96	Culicidae	-2	24903347
19198529	2	1	379	398	Wuchereria bancrofti	-2	24902626
19198529	2	1	404	416	Brugia malayi	-2	24902612
19198529	2	2	614	617	SspI	7227	20963573
19198529	2	2	650	661	W. bancrofti	-2	24902626
19198529	2	2	725	730	Brugia	-2	24902611
19198529	2	3	791	802	W. bancrofti	-2	24902626
19198529	2	3	808	816	B. malayi	-2	24902612
19198529	2	4	989	993	human	-2	24905370
19198529	2	4	995	1002	filarial	-2	25081197
19198529	2	4	1046	1056	Dirofilaria	-2	24902619
19198529	2	4	1071	1091	Plasmodium falciparum	-2	24902230
19198529	2	4	1102	1106	human	-2	24905370
19198529	2	4	1155	1159	human	-2	24905370
19198529	2	5	1300	1319	lymphatic filariasis	-26	1006005132
19198529	2	7	1738	1757	Lymphatic Filariasis	-26	1006005132
2382175	1	1	40	47	amikacin	-1	200016462
2382175	2	1	156	163	Amikacin	-1	200016462
2382175	2	1	166	171	Amikin	-1	200016462
2382175	2	1	322	342	Klebsiella pneumoniae	-2	24897819
2382175	2	1	345	366	Pseudomonas aeruginosa	-2	24897588
2382175	2	1	372	391	Enterobacter cloacae	-2	24897800
2382175	2	1	405	414	tobramycin	-1	200041879
2382175	2	1	417	426	gentamicin	-1	200027001
2382175	2	1	432	441	netilmicin	-1	200033473
2382175	2	3	610	616	disease	-26	1006007946
2382175	2	4	709	724	Escherichia coli	-2	24897809
2382175	2	4	741	750	Klebsiella	-2	24897816
2382175	2	4	775	786	Enterobacter	-2	24897796
2382175	2	4	814	826	P. aeruginosa	-2	24897588
2382175	2	6	980	987	amikacin	-1	200016462
2382175	2	9	1210	1216	E. coli	-2	24897809
2382175	2	9	1228	1240	K. pneumoniae	-2	24897819
2382175	2	9	1252	1261	E. cloacae	-2	24897800
2382175	2	9	1277	1289	P. aeruginosa	-2	24897588
2382175	2	9	1322	1329	amikacin	-1	200016462
2382175	2	9	1352	1364	K. pneumoniae	-2	24897819
2382175	2	9	1369	1378	tobramycin	-1	200041879
2382175	2	9	1381	1390	netilmicin	-1	200033473
2382175	2	9	1396	1405	gentamicin	-1	200027001
17430157	1	1	19	32	hepatoblastoma	-26	1006009911
17430157	2	1	56	60	human	-2	24905370
17430157	2	1	62	75	hepatoblastoma	-26	1006009911
17430157	2	5	730	743	hepatoblastoma	-26	1006009911
17430157	2	6	835	848	hepatoblastoma	-26	1006009911
17430157	2	7	1047	1062	chemosensitizers	-1	234848382
7676442	1	1	45	55	guinea pigs	-2	24905835
7676442	1	1	45	55	guinea pigs	-2	24905836
7676442	2	1	59	69	Guinea pigs	-2	24905835
7676442	2	1	59	69	Guinea pigs	-2	24905836
7676442	2	3	220	230	guinea pigs	-2	24905835
7676442	2	3	220	230	guinea pigs	-2	24905836
30660893	2	4	649	654	bypass	7227	20971241
3567422	1	2	65	73	nivalenol	-1	200106008
3567422	1	2	79	92	deoxynivalenol	-1	200121562
3065766	1	1	0	14	Type X collagen	9823	24284377
1810681	1	1	88	95	ischemia	-26	1006007448
1810681	1	1	102	109	Atenolol	-1	200017253
1810681	1	1	118	125	Ischemia	-26	1006007448
1810681	2	1	167	174	ischemia	-26	1006007448
1810681	2	2	412	419	Atenolol	-1	200017253
1810681	2	2	428	435	Ischemia	-26	1006007448
1810681	2	2	546	553	ischemia	-26	1006007448
1810681	2	2	611	633	coronary artery disease	-26	1006007552
1810681	2	3	690	712	coronary artery disease	-26	1006007552
1810681	2	3	757	777	myocardial infarction	-26	1006009328
1810681	2	3	794	801	ischemia	-26	1006007448
1810681	2	3	863	874	thallium-201	-1	200259639
1810681	2	5	1095	1102	Atenolol	-1	200017253
1810681	2	5	1267	1274	ischemia	-26	1006007448
1810681	2	7	1500	1507	atenolol	-1	200017253
1810681	2	8	1698	1720	coronary artery disease	-26	1006007552
21570317	2	3	589	593	goats	-2	24905663
21570317	2	3	635	640	reflex	-1	200139453
4549923	1	1	32	43	somatostatin	9031	22951688
4549923	1	1	32	43	somatostatin	10090	199051
4549923	1	1	32	43	somatostatin	9606	23923979
4549923	1	1	32	43	somatostatin	10116	250716
4549923	1	1	32	43	somatostatin	9823	24289789
4549923	1	1	32	43	somatostatin	7955	21855438
4549923	1	1	32	43	somatostatin	9913	24392127
8713730	1	1	71	75	sheep	-2	24905674
8713730	2	1	253	257	piezo	7227	20969130
8713730	2	1	348	352	sheep	-2	24905674
8713730	2	1	384	391	tracheal	-2	25661251
25266142	1	1	100	104	human	-2	24905370
25266142	2	1	260	265	humans	-2	24905370
25266142	2	3	460	465	IL-1ra	9606	23921928
25266142	2	3	460	465	IL-1ra	10090	202042
25266142	2	3	460	465	IL-1ra	10090	216332
25266142	2	3	460	465	IL-1ra	10116	256700
25266142	2	3	460	465	IL-1ra	10116	252534
25266142	2	3	460	465	IL-1ra	9606	23934614
25266142	2	3	460	465	IL-1ra	9913	24385504
25266142	2	3	460	465	IL-1ra	7955	21871279
25266142	2	3	460	465	IL-1ra	9823	24287039
25266142	2	3	601	604	IL-6	9606	23934500
25266142	2	3	601	604	IL-6	10090	201943
25266142	2	3	601	604	IL-6	9913	24390785
25266142	2	3	601	604	IL-6	9031	22953867
25266142	2	3	601	604	IL-6	9913	24397715
25266142	2	3	601	604	IL-6	9823	24298508
25266142	2	3	601	604	IL-6	10116	254558
25266142	2	3	601	604	IL-6	9823	24298693
12691454	1	1	39	56	malignant melanoma	-26	1006006554
12691454	2	1	193	200	melanoma	-26	1006006554
12691454	2	5	673	680	melanoma	-26	1006006554
12691454	2	6	759	766	melanoma	-26	1006006554
12691454	2	7	959	972	isosulfan blue	-1	200035738
25256324	1	1	14	19	mitral	-2	24944707
25256324	2	1	66	71	Mitral	-2	24944707
25256324	2	1	127	146	mitral regurgitation	-26	1006004776
25256324	2	2	226	231	mitral	-2	24944707
25256324	2	3	392	397	mitral	-2	24944707
25256324	2	4	543	547	human	-2	24905370
25256324	2	4	587	592	mitral	-2	24944707
5893121	1	1	90	99	phosphorus	-1	200091616
5893121	1	1	90	99	phosphorus	-1	200334374
10560626	1	1	42	53	Phyllactinia	-2	24934434
10560626	2	1	103	114	Phyllactinia	-2	24934434
10560626	2	2	367	374	electron	-2	25766655
28942909	1	1	58	63	Cancer	-26	1006006397
28942909	2	1	150	155	cancer	-26	1006006397
28942909	2	2	364	369	cancer	-26	1006006397
28942909	2	3	508	513	cancer	-26	1006006397
28942909	2	5	684	689	cancer	-26	1006006397
28942909	2	12	1215	1220	cancer	-26	1006006397
28942909	2	12	1244	1249	cancer	-26	1006006397
28942909	2	12	1279	1284	cancer	-26	1006006397
28942909	2	13	1419	1424	cancer	-26	1006006397
28942909	2	14	1543	1548	cancer	-26	1006006397
28942909	2	20	2126	2131	cancer	-26	1006006397
28942909	2	22	2382	2387	cancer	-26	1006006397
30318428	1	1	33	40	sagittal	-2	24905917
30318428	1	1	115	131	spondylolisthesis	-26	1006009797
30318428	2	2	354	361	sagittal	-2	24905917
30318428	2	3	510	517	sagittal	-2	24905917
30318428	2	6	850	866	spondylolisthesis	-26	1006009797
30318428	2	8	1167	1183	spondylolisthesis	-26	1006009797
30318428	2	9	1279	1286	sagittal	-2	24905917
30318428	2	10	1463	1470	sagittal	-2	24905917
30318428	2	12	1572	1588	spondylolisthesis	-26	1006009797
30318428	2	12	1669	1676	sagittal	-2	24905917
30318428	2	12	1740	1756	spondylolisthesis	-26	1006009797
30318428	2	13	1792	1799	sagittal	-2	24905917
30318428	2	14	1995	2011	spondylolisthesis	-26	1006009797
1536829	1	1	31	40	spot-light	-1	200211202
1536829	2	1	57	61	Human	-2	24905370
25597459	2	15	2617	2623	decided	-1	223605722
5107137	1	1	22	28	calcium	7227	20967310
7654055	1	1	21	37	deoxypyridinoline	-1	200259785
7654055	1	1	21	37	deoxypyridinoline	-1	200259787
7654055	1	1	56	68	breast cancer	-26	1006006393
7654055	2	1	71	87	Deoxypyridinoline	-1	200259785
7654055	2	1	71	87	Deoxypyridinoline	-1	200259787
7654055	2	1	112	119	collagen	7227	20962473
7654055	2	1	222	234	breast cancer	-26	1006006393
7654055	2	5	510	522	Breast cancer	-26	1006006393
7654055	2	7	755	767	breast cancer	-26	1006006393
22332720	1	1	66	87	temporal lobe epilepsy	-26	1006007504
22332720	2	1	96	101	oxygen	-1	200009456
22332720	2	1	335	340	oxygen	-1	200009456
22332720	2	2	428	449	temporal lobe epilepsy	-26	1006007504
22332720	2	3	511	514	15)O	-1	200009350
22332720	2	3	686	707	temporal lobe epilepsy	-26	1006007504
22332720	2	3	772	779	epilepsy	-26	1006006519
22332720	2	4	930	933	Wake	7227	20965068
22332720	2	5	1085	1087	LIs	3702	13295317
22332720	2	5	1085	1087	LIs	3702	13289704
14913972	1	1	14	20	malaria	-26	1006005221
14507354	1	1	0	44	Cocaine- and amphetamine-regulated transcript	9606	23924580
14507354	1	1	76	78	rat	-2	24905816
14507354	2	1	104	148	Cocaine- and amphetamine-regulated transcript	9606	23924580
14507354	2	2	379	381	rat	-2	24905816
14507354	2	3	537	541	colon	-2	26136229
14507354	2	4	544	588	Cocaine- and amphetamine-regulated transcript	9606	23924580
14507354	2	5	717	761	Cocaine- and amphetamine-regulated transcript	9606	23924580
14507354	2	5	789	794	antral	-1	200113709
14507354	2	5	796	802	gastrin	10090	199792
14507354	2	5	796	802	gastrin	10116	256761
14507354	2	5	796	802	gastrin	9606	23927498
14507354	2	5	796	802	gastrin	9823	24297170
14507354	2	5	796	802	gastrin	9913	24392307
14507354	2	9	1143	1187	Cocaine- and amphetamine-regulated transcript	9606	23924580
14507354	2	9	1340	1368	vasoactive intestinal peptide	7955	21866577
14507354	2	9	1340	1368	vasoactive intestinal peptide	10116	258875
14507354	2	9	1340	1368	vasoactive intestinal peptide	7955	21868356
14507354	2	9	1340	1368	vasoactive intestinal peptide	9913	24389934
14507354	2	9	1340	1368	vasoactive intestinal peptide	9606	23930087
14507354	2	9	1381	1416	adenylate cyclase-activating peptide	7955	21856773
14507354	2	10	1508	1519	nitric oxide	-1	200345637
11788740	2	1	101	105	human	-2	24905370
11788740	2	4	571	577	aphasia	-26	1006001079
11788740	2	6	853	859	aphasia	-26	1006001079
1373471	2	2	306	320	integrin beta 1	10116	254920
1373471	2	2	306	320	integrin beta 1	9823	24289250
1373471	2	2	306	320	integrin beta 1	10090	212227
1373471	2	2	306	320	integrin beta 1	9913	24399454
1373471	2	2	306	320	integrin beta 1	9031	22951559
1373471	2	2	306	320	integrin beta 1	9606	23933735
1373471	2	3	462	472	fibronectin	10116	256736
1373471	2	3	462	472	fibronectin	9031	22949299
1373471	2	3	462	472	fibronectin	9606	23928907
1373471	2	3	462	472	fibronectin	10090	207645
1373471	2	3	462	472	fibronectin	9913	24387159
1307956	1	1	43	54	fibrosarcoma	-26	1006007522
1307956	1	1	60	73	chondrosarcoma	-26	1006007535
1307956	1	1	82	85	jaws	10090	211668
1307956	2	1	174	185	fibrosarcoma	-26	1006007522
1307956	2	1	191	204	chondrosarcoma	-26	1006007535
1307956	2	1	213	216	jaws	10090	211668
1307956	2	2	434	440	sarcoma	-26	1006004581
9665973	1	1	46	80	human immunodeficiency virus type 1	-2	24906983
9665973	1	1	141	164	Saccharomyces cerevisiae	-2	24901503
9665973	2	1	171	191	envelope glycoprotein	9606	23936320
9665973	2	1	171	191	envelope glycoprotein	3702	13305489
9665973	2	1	171	191	envelope glycoprotein	3702	13287886
9665973	2	1	171	191	envelope glycoprotein	3702	13294655
9665973	2	1	268	295	human immunodeficiency virus	-2	24907663
9665973	2	1	298	300	HIV	-2	24907663
9665973	2	2	421	436	Escherichia coli	-2	24897809
9665973	2	2	438	442	yeast	9031	22958293
9665973	2	2	482	494	galactokinase	4896	16673912
9665973	2	2	482	494	galactokinase	4932	16751016
9665973	2	2	482	494	galactokinase	9823	24293673
9665973	2	2	482	494	galactokinase	10090	200402
9665973	2	2	482	494	galactokinase	7955	21857066
9665973	2	2	482	494	galactokinase	9606	23938035
9665973	2	2	482	494	galactokinase	3702	13296652
9665973	2	2	482	494	galactokinase	7227	20961276
9665973	2	2	482	494	galactokinase	9913	24390807
9665973	2	2	497	500	GAL1	4932	16751016
9665973	2	2	497	500	GAL1	4896	16673912
9665973	2	2	497	500	GAL1	3702	13296652
9665973	2	3	543	566	Saccharomyces cerevisiae	-2	24901503
9665973	2	3	672	677	50 kDa	10090	214474
9665973	2	3	672	677	50 kDa	10090	199445
9665973	2	3	672	677	50 kDa	10090	201781
9665973	2	3	797	803	E. coli	-2	24897809
9665973	2	3	805	809	yeast	9031	22958293
9665973	2	4	949	969	envelope glycoprotein	9606	23936320
9665973	2	4	949	969	envelope glycoprotein	3702	13305489
9665973	2	4	949	969	envelope glycoprotein	3702	13287886
9665973	2	4	949	969	envelope glycoprotein	3702	13294655
9665973	2	4	972	976	gp120	7227	20971631
9665973	2	4	972	976	gp120	9606	23922925
9665973	2	4	972	976	gp120	7227	20965950
9665973	2	5	1062	1064	HIV	-2	24907663
8460453	1	1	35	56	renal tubular acidosis	-26	1006006080
8460453	2	1	128	149	renal tubular acidosis	-26	1006006080
8460453	2	1	154	158	RTA-1	4932	16753341
8460453	2	1	154	158	RTA-1	4896	16670234
8460453	2	1	164	178	nephrolithiasis	-26	1006009334
8460453	2	1	238	244	calcium	7227	20967310
8460453	2	2	265	269	RTA-1	4932	16753341
8460453	2	2	265	269	RTA-1	4896	16670234
8460453	2	3	354	358	RTA-1	4932	16753341
8460453	2	3	354	358	RTA-1	4896	16670234
8460453	2	6	535	539	RTA-1	4932	16753341
8460453	2	6	535	539	RTA-1	4896	16670234
8460453	2	6	572	576	RTA-1	4932	16753341
8460453	2	6	572	576	RTA-1	4896	16670234
8460453	2	10	985	990	2 of 8	9031	22958471
8460453	2	11	1032	1046	calcium oxalate	-1	200108183
8460453	2	11	1032	1046	calcium oxalate	-1	200009426
8460453	2	11	1060	1076	calcium phosphate	-1	200091715
8460453	2	11	1088	1102	calcium oxalate	-1	200108183
8460453	2	11	1088	1102	calcium oxalate	-1	200009426
8460453	2	11	1115	1131	calcium phosphate	-1	200091715
2172202	1	1	23	29	insulin	7955	21858280
2172202	1	1	23	29	insulin	9913	24389705
2172202	1	1	23	29	insulin	7955	21874298
2172202	1	1	23	29	insulin	9606	23933907
2172202	1	1	23	29	insulin	9823	24299940
2172202	1	1	23	29	insulin	9031	22951197
2172202	1	1	23	29	insulin	7227	20968790
2172202	1	1	39	50	hypoglycemia	-26	1006011645
2172202	2	1	143	154	hypoglycemia	-26	1006011645
2172202	2	1	186	192	insulin	7955	21858280
2172202	2	1	186	192	insulin	9913	24389705
2172202	2	1	186	192	insulin	7955	21874298
2172202	2	1	186	192	insulin	9606	23933907
2172202	2	1	186	192	insulin	9823	24299940
2172202	2	1	186	192	insulin	9031	22951197
2172202	2	1	186	192	insulin	7227	20968790
2172202	2	2	218	221	Rats	-2	24905816
2172202	2	3	284	287	rats	-2	24905816
2172202	2	4	408	411	rats	-2	24905816
2172202	2	5	488	491	Rats	-2	24905816
2172202	2	5	590	596	insulin	7955	21858280
2172202	2	5	590	596	insulin	9913	24389705
2172202	2	5	590	596	insulin	7955	21874298
2172202	2	5	590	596	insulin	9606	23933907
2172202	2	5	590	596	insulin	9823	24299940
2172202	2	5	590	596	insulin	9031	22951197
2172202	2	5	590	596	insulin	7227	20968790
2172202	2	6	641	647	glucose	-1	200001652
2172202	2	6	641	647	glucose	-1	200092330
2172202	2	6	641	647	glucose	-1	200938914
2172202	2	6	687	690	rats	-2	24905816
2172202	2	7	696	699	rats	-2	24905816
2172202	2	7	768	773	rest 4	10090	211255
2172202	2	8	916	919	rats	-2	24905816
2172202	2	8	950	956	glucose	-1	200001652
2172202	2	8	950	956	glucose	-1	200092330
2172202	2	8	950	956	glucose	-1	200938914
2172202	2	9	1039	1050	hypoglycemia	-26	1006011645
2172202	2	9	1058	1061	rats	-2	24905816
2172202	2	10	1074	1077	rats	-2	24905816
2172202	2	10	1115	1121	glucose	-1	200001652
2172202	2	10	1115	1121	glucose	-1	200092330
2172202	2	10	1115	1121	glucose	-1	200938914
2172202	2	10	1196	1207	hypoglycemia	-26	1006011645
13565687	1	1	47	55	amebiasis	-26	1006011209
13565687	1	1	62	75	phenanthroline	-1	200012177
13565687	1	1	62	75	phenanthroline	-1	200009689
13565687	1	1	98	104	entobex	-1	200048084
27918550	2	2	391	396	CENP-A	10090	217585
27918550	2	2	391	396	CENP-A	9606	23927991
27918550	2	2	391	396	CENP-A	7955	21878568
27918550	2	2	391	396	CENP-A	9031	22961520
27918550	2	2	391	396	CENP-A	10116	254137
27918550	2	2	391	396	CENP-A	9913	24397971
27918550	2	2	391	396	CENP-A	9823	24287325
27918550	2	2	391	396	CENP-A	9913	24395286
27918550	2	2	391	396	CENP-A	7227	20963629
27918550	2	2	391	396	CENP-A	7227	20966653
27918550	2	2	391	396	CENP-A	4896	16672095
27918550	2	2	398	407	histone H3	10116	271776
27918550	2	2	398	407	histone H3	6239	19117840
27918550	2	2	398	407	histone H3	7955	21866968
27918550	2	2	398	407	histone H3	9606	23938432
27918550	2	2	398	407	histone H3	9823	24302344
27918550	2	2	398	407	histone H3	10116	271905
27918550	2	2	398	407	histone H3	6239	19111841
27918550	2	2	398	407	histone H3	6239	19116993
27918550	2	2	398	407	histone H3	6239	19122473
27918550	2	2	398	407	histone H3	6239	19122737
27918550	2	2	398	407	histone H3	9823	24282001
27918550	2	2	398	407	histone H3	9823	24282073
27918550	2	2	398	407	histone H3	9823	24295577
27918550	2	2	398	407	histone H3	10116	264098
27918550	2	2	398	407	histone H3	6239	19118186
27918550	2	2	398	407	histone H3	6239	19131634
27918550	2	2	398	407	histone H3	7955	21879906
27918550	2	2	398	407	histone H3	10116	268211
27918550	2	2	398	407	histone H3	6239	19125603
27918550	2	2	398	407	histone H3	7227	20967691
27918550	2	2	398	407	histone H3	9823	24300275
27918550	2	2	398	407	histone H3	9913	24400875
27918550	2	2	398	407	histone H3	4932	16751004
27918550	2	2	398	407	histone H3	6239	19120244
27918550	2	2	398	407	histone H3	6239	19121308
27918550	2	2	398	407	histone H3	6239	19122732
27918550	2	2	398	407	histone H3	4932	16755877
27918550	2	2	398	407	histone H3	6239	19131629
27918550	2	2	398	407	histone H3	7227	20971861
27918550	2	2	398	407	histone H3	10116	272270
27918550	2	2	398	407	histone H3	6239	19116830
27918550	2	2	398	407	histone H3	6239	19121110
27918550	2	2	398	407	histone H3	6239	19131630
27918550	2	2	398	407	histone H3	7227	20967630
27918550	2	2	398	407	histone H3	7955	21878766
27918550	2	2	398	407	histone H3	9913	24399150
27918550	2	2	409	416	chimaera	-2	24903894
27918550	2	2	497	501	human	-2	24905370
4121079	1	1	37	56	avian leukosis virus	-2	24907139
13694693	1	1	41	56	breast carcinoma	-26	1006007591
24513213	1	1	0	5	GPRC5B	9606	23924920
24513213	1	1	0	5	GPRC5B	10090	199394
24513213	1	1	0	5	GPRC5B	10116	268480
24513213	1	1	0	5	GPRC5B	9031	22948340
24513213	1	1	0	5	GPRC5B	9913	24393413
24513213	1	1	0	5	GPRC5B	9823	24286822
24513213	1	1	0	5	GPRC5B	7955	21866334
24513213	1	1	18	35	glutamate-receptor	7227	20968617
24513213	1	1	18	35	glutamate-receptor	7227	20961476
24513213	1	1	18	35	glutamate-receptor	7227	20971204
24513213	1	1	18	35	glutamate-receptor	7227	20962519
24513213	1	1	18	35	glutamate-receptor	7227	20967407
24513213	1	1	72	78	insulin	7955	21858280
24513213	1	1	72	78	insulin	9913	24389705
24513213	1	1	72	78	insulin	7955	21874298
24513213	1	1	72	78	insulin	9606	23933907
24513213	1	1	72	78	insulin	9823	24299940
24513213	1	1	72	78	insulin	9031	22951197
24513213	1	1	72	78	insulin	7227	20968790
24513213	2	1	91	96	GPRC5B	9606	23924920
24513213	2	1	91	96	GPRC5B	10090	199394
24513213	2	1	91	96	GPRC5B	10116	268480
24513213	2	1	91	96	GPRC5B	9031	22948340
24513213	2	1	91	96	GPRC5B	9913	24393413
24513213	2	1	91	96	GPRC5B	9823	24286822
24513213	2	1	91	96	GPRC5B	7955	21866334
24513213	2	1	137	143	group C	7227	20967005
24513213	2	2	192	197	GPRC5B	9606	23924920
24513213	2	2	192	197	GPRC5B	10090	199394
24513213	2	2	192	197	GPRC5B	10116	268480
24513213	2	2	192	197	GPRC5B	9031	22948340
24513213	2	2	192	197	GPRC5B	9913	24393413
24513213	2	2	192	197	GPRC5B	9823	24286822
24513213	2	2	192	197	GPRC5B	7955	21866334
24513213	2	2	231	235	human	-2	24905370
24513213	2	2	241	245	mouse	-2	24905795
24513213	2	2	275	280	GPRC5B	9606	23924920
24513213	2	2	275	280	GPRC5B	10090	199394
24513213	2	2	275	280	GPRC5B	10116	268480
24513213	2	2	275	280	GPRC5B	9031	22948340
24513213	2	2	275	280	GPRC5B	9913	24393413
24513213	2	2	275	280	GPRC5B	9823	24286822
24513213	2	2	275	280	GPRC5B	7955	21866334
24513213	2	2	358	372	type 2 diabetes	-26	1006011304
24513213	2	3	389	394	Gprc5b	9606	23924920
24513213	2	3	389	394	Gprc5b	10090	199394
24513213	2	3	389	394	Gprc5b	10116	268480
24513213	2	3	389	394	Gprc5b	9031	22948340
24513213	2	3	389	394	Gprc5b	9913	24393413
24513213	2	3	389	394	Gprc5b	9823	24286822
24513213	2	3	389	394	Gprc5b	7955	21866334
24513213	2	3	478	481	mice	-2	24905795
24513213	2	4	529	534	Gprc5b	9606	23924920
24513213	2	4	529	534	Gprc5b	10090	199394
24513213	2	4	529	534	Gprc5b	10116	268480
24513213	2	4	529	534	Gprc5b	9031	22948340
24513213	2	4	529	534	Gprc5b	9913	24393413
24513213	2	4	529	534	Gprc5b	9823	24286822
24513213	2	4	529	534	Gprc5b	7955	21866334
24513213	2	4	573	576	mice	-2	24905795
24513213	2	4	658	665	glucose-	-1	200938914
24513213	2	4	689	695	insulin	7955	21858280
24513213	2	4	689	695	insulin	9913	24389705
24513213	2	4	689	695	insulin	7955	21874298
24513213	2	4	689	695	insulin	9606	23933907
24513213	2	4	689	695	insulin	9823	24299940
24513213	2	4	689	695	insulin	9031	22951197
24513213	2	4	689	695	insulin	7227	20968790
24513213	2	4	765	771	insulin	7955	21858280
24513213	2	4	765	771	insulin	9913	24389705
24513213	2	4	765	771	insulin	7955	21874298
24513213	2	4	765	771	insulin	9606	23933907
24513213	2	4	765	771	insulin	9823	24299940
24513213	2	4	765	771	insulin	9031	22951197
24513213	2	4	765	771	insulin	7227	20968790
24513213	2	5	803	808	Gprc5b	9606	23924920
24513213	2	5	803	808	Gprc5b	10090	199394
24513213	2	5	803	808	Gprc5b	10116	268480
24513213	2	5	803	808	Gprc5b	9031	22948340
24513213	2	5	803	808	Gprc5b	9913	24393413
24513213	2	5	803	808	Gprc5b	9823	24286822
24513213	2	5	803	808	Gprc5b	7955	21866334
24513213	2	5	820	825	murine	-2	24905795
24513213	2	5	827	833	insulin	7955	21858280
24513213	2	5	827	833	insulin	9913	24389705
24513213	2	5	827	833	insulin	7955	21874298
24513213	2	5	827	833	insulin	9606	23933907
24513213	2	5	827	833	insulin	9823	24299940
24513213	2	5	827	833	insulin	9031	22951197
24513213	2	5	827	833	insulin	7227	20968790
24513213	2	6	939	944	GPRC5B	9606	23924920
24513213	2	6	939	944	GPRC5B	10090	199394
24513213	2	6	939	944	GPRC5B	10116	268480
24513213	2	6	939	944	GPRC5B	9031	22948340
24513213	2	6	939	944	GPRC5B	9913	24393413
24513213	2	6	939	944	GPRC5B	9823	24286822
24513213	2	6	939	944	GPRC5B	7955	21866334
24513213	2	6	973	979	insulin	7955	21858280
24513213	2	6	973	979	insulin	9913	24389705
24513213	2	6	973	979	insulin	7955	21874298
24513213	2	6	973	979	insulin	9606	23933907
24513213	2	6	973	979	insulin	9823	24299940
24513213	2	6	973	979	insulin	9031	22951197
24513213	2	6	973	979	insulin	7227	20968790
24513213	2	6	1027	1041	type-2 diabetes	-26	1006011304
24513213	2	7	1079	1084	GPRC5B	9606	23924920
24513213	2	7	1079	1084	GPRC5B	10090	199394
24513213	2	7	1079	1084	GPRC5B	10116	268480
24513213	2	7	1079	1084	GPRC5B	9031	22948340
24513213	2	7	1079	1084	GPRC5B	9913	24393413
24513213	2	7	1079	1084	GPRC5B	9823	24286822
24513213	2	7	1079	1084	GPRC5B	7955	21866334
24513213	2	7	1158	1172	type 2 diabetes	-26	1006011304
9261336	1	1	111	114	IL-8	9823	24301320
9261336	1	1	111	114	IL-8	9913	24393482
9261336	1	1	111	114	IL-8	9606	23925475
9261336	1	1	111	114	IL-8	9031	22961103
9261336	1	1	111	114	IL-8	9031	22954338
9261336	1	1	111	114	IL-8	10090	203245
9261336	2	3	449	459	cathepsin G	10090	199674
9261336	2	3	449	459	cathepsin G	9606	23920194
9261336	2	3	449	459	cathepsin G	9913	24389850
9261336	2	3	449	459	cathepsin G	9031	22955284
9261336	2	3	449	459	cathepsin G	9913	24399484
9261336	2	3	449	459	cathepsin G	10116	267093
9261336	2	3	449	459	cathepsin G	7955	21877462
9261336	2	4	741	753	interleukin-8	9823	24301320
9261336	2	4	741	753	interleukin-8	9031	22954338
9261336	2	4	741	753	interleukin-8	9913	24393482
9261336	2	4	741	753	interleukin-8	9606	23925475
9261336	2	4	741	753	interleukin-8	9031	22961103
9261336	2	4	756	759	IL-8	9823	24301320
9261336	2	4	756	759	IL-8	9913	24393482
9261336	2	4	756	759	IL-8	9606	23925475
9261336	2	4	756	759	IL-8	9031	22961103
9261336	2	4	756	759	IL-8	9031	22954338
9261336	2	4	756	759	IL-8	10090	203245
9261336	2	5	871	881	cathepsin G	10090	199674
9261336	2	5	871	881	cathepsin G	9606	23920194
9261336	2	5	871	881	cathepsin G	9913	24389850
9261336	2	5	871	881	cathepsin G	9031	22955284
9261336	2	5	871	881	cathepsin G	9913	24399484
9261336	2	5	871	881	cathepsin G	10116	267093
9261336	2	5	871	881	cathepsin G	7955	21877462
9261336	2	6	947	957	cathepsin G	10090	199674
9261336	2	6	947	957	cathepsin G	9606	23920194
9261336	2	6	947	957	cathepsin G	9913	24389850
9261336	2	6	947	957	cathepsin G	9031	22955284
9261336	2	6	947	957	cathepsin G	9913	24399484
9261336	2	6	947	957	cathepsin G	10116	267093
9261336	2	6	947	957	cathepsin G	7955	21877462
9261336	2	6	1030	1054	serine proteinase-induced	-1	200006097
9261336	2	7	1112	1119	defensin	7227	20966998
9261336	2	8	1167	1177	cathepsin G	10090	199674
9261336	2	8	1167	1177	cathepsin G	9606	23920194
9261336	2	8	1167	1177	cathepsin G	9913	24389850
9261336	2	8	1167	1177	cathepsin G	9031	22955284
9261336	2	8	1167	1177	cathepsin G	9913	24399484
9261336	2	8	1167	1177	cathepsin G	10116	267093
9261336	2	8	1167	1177	cathepsin G	7955	21877462
9261336	2	8	1189	1196	defensin	7227	20966998
9261336	2	8	1206	1209	IL-8	9823	24301320
9261336	2	8	1206	1209	IL-8	9913	24393482
9261336	2	8	1206	1209	IL-8	9606	23925475
9261336	2	8	1206	1209	IL-8	9031	22961103
9261336	2	8	1206	1209	IL-8	9031	22954338
9261336	2	8	1206	1209	IL-8	10090	203245
9261336	2	9	1269	1279	cathepsin G	10090	199674
9261336	2	9	1269	1279	cathepsin G	9606	23920194
9261336	2	9	1269	1279	cathepsin G	9913	24389850
9261336	2	9	1269	1279	cathepsin G	9031	22955284
9261336	2	9	1269	1279	cathepsin G	9913	24399484
9261336	2	9	1269	1279	cathepsin G	10116	267093
9261336	2	9	1269	1279	cathepsin G	7955	21877462
